Workbook

Sheet Instruções
B2: NRO-PUB-001 · Camada de Metadados e Relações
B5: Para que serve | C5: Esta planilha é a camada de metadados do sistema documental. O NRO-PUB-001 continua sendo a fonte dos campos de controle (status, classe, autoria, revisões); aqui ficam só OBJETIVO, TEMPLATE e RELAÇÕES.
B6: Aba Metadados | C6: Uma linha por documento (45). Preencha/corrija o OBJETIVO e cole o link do TEMPLATE no Drive. Células em amarelo são placeholders inferidos — revise.
B7: Aba Relações | C7: Uma linha por ligação. Escolha DE e PARA pelos códigos (dropdown) e o TIPO. Os nomes preenchem sozinhos.
B8: ALIMENTA | C8: Direcionada: 'DE alimenta PARA' significa que DE é insumo/base de PARA. A visão inversa ('PARA deriva de DE') é automática — não cadastre duas vezes.
B9: REFERENCIA | C9: Associação simples entre dois documentos, sem direção.
B10: Saída | C10: Um script de build lê esta planilha + o NRO-PUB-001 e gera o neurodynamics-data.json que alimenta a plataforma.
B12: Resumo
B13: Documentos | C13: =COUNTA(Metadados!A3:A1000) -> 45
B14: Relações | C14: =COUNTA(Relações!A3:A1000) -> 27
B16: Séries (SN) | C16: Documentos SERIADOS (ex.: atas, declarações, relatórios) têm várias edições. Cada edição recebe um SN no formato PN-ESCOPO-NNN (ex.: NRO-PUB-003-DIR-002 = 2ª ata da Diretoria) e é registrada na aba Séries. Documentos de versão única (ex.: Contas Digitais) não usam SN.

Sheet Metadados
A1: METADADOS DOS DOCUMENTOS
A2: CÓDIGO | B2: SETOR | C2: NOME DO ARQUIVO | D2: OBJETIVO | E2: TEMPLATE (link Drive) | F2: PROJETO / TAGS | G2: OBSERVAÇÕES | H2: SERIADO | I2: ESCOPO DA SÉRIE
A3: NRO-PUB-001 | B3: Pública | C3: CONTROLE DE DOCUMENTOS E REGISTROS | D3: Planilha-mestre que registra todo documento e registro da equipe. | E3: https://docs.google.com/spreadsheets/d/1ypj3VOlxW5qKLrWDjYaRjIJGcHclq7hx/edit | H3: NÃO | I3: —
A4: NRO-PUB-002 | B4: Pública | C4: TEMPLATE DE DOCUMENTOS E REGISTROS | D4: Modelo-base de formatação e cabeçalho aplicado a todos os documentos. | H4: NÃO | I4: —
A5: NRO-PUB-003 | B5: Pública | C5: ATA DE REUNIÃO | D5: Registro padronizado de reuniões. | H5: SIM | I5: DEPARTAMENTO
A6: NRO-PES-001 | B6: Pessoas | C6: FORMULÁRIO DE ADMISSÃO | D6: Registro formal de entrada de novo membro. | H6: SIM | I6: DEPARTAMENTO
A7: NRO-PES-002 | B7: Pessoas | C7: FORMULÁRIO DE SOLICITAÇÃO DE AFASTAMENTO TEMPORÁRIO | D7: Solicitação formal de afastamento temporário. | H7: SIM | I7: DEPARTAMENTO
A8: NRO-PES-003 | B8: Pessoas | C8: FORMULÁRIO DE SOLICITAÇÃO DE DESLIGAMENTO | D8: Solicitação formal de desligamento. | H8: SIM | I8: DEPARTAMENTO
A9: NRO-PES-004 | B9: Pessoas | C9: MANUAL DO MEMBRO | D9: Guia de integração e operação do membro. | H9: NÃO | I9: —
A10: NRO-PES-005 | B10: Pessoas | C10: QUADRO DE PESSOAL | D10: Registro confidencial do quadro de membros. | H10: NÃO | I10: —
A11: NRO-PES-006 | B11: Pessoas | C11: PROCEDIMENTO DE ADMISSÃO | D11: Procedimento que rege a admissão de membros. | H11: NÃO | I11: —
A12: NRO-PES-007 | B12: Pessoas | C12: PROCEDIMENTO DE DESLIGAMENTO | D12: Procedimento que rege o desligamento de membros. | H12: NÃO | I12: —
A13: NRO-PES-008 | B13: Pessoas | C13: FORMULÁRIO DE REQUISIÇÃO DE ACESSO | D13: Pedido de concessão de acesso a recursos. | H13: NÃO | I13: —
A14: NRO-PES-009 | B14: Pessoas | C14: POLÍTICA DE EMAIL INSTITUCIONAL | D14: Regras de uso do email institucional. | H14: NÃO | I14: —
A15: NRO-PES-010 | B15: Pessoas | C15: RELATORIO DE VIAGEM | D15: Registro de viagem realizada. | H15: SIM | I15: DEPARTAMENTO
... A47: NRO-MKT-005 | B47: Marketing | C47: IDEIAS DE PUBLICAÇÕES | D47: Backlog de ideias de conteúdo. | H47: NÃO | I47: —

Sheet Relações
A1: RELAÇÕES ENTRE DOCUMENTOS
A2: DE (código) | B2: NOME (DE) | C2: TIPO | D2: PARA (código) | E2: NOME (PARA) | F2: NOTA
A3: NRO-PRO-004 | B3: =IFERROR(VLOOKUP(A3,Listas!$C$2:$D$46,2,FALSE()),"") -> (USRS) USER AND SYSTEM REQUIREMENTS SPECIFICATION | C3: ALIMENTA | D3: NRO-PRO-011 | E3: =IFERROR(VLOOKUP(D3,Listas!$C$2:$D$46,2,FALSE()),"") -> MATRIZ DE RASTREABILIDADE DE REQUISITOS | F3: Requisitos alimentam a matriz de rastreabilidade
A4: NRO-PRO-004 | B4: =IFERROR(VLOOKUP(A4,Listas!$C$2:$D$46,2,FALSE()),"") -> (USRS) USER AND SYSTEM REQUIREMENTS SPECIFICATION | C4: ALIMENTA | D4: NRO-PRO-014 | E4: =IFERROR(VLOOKUP(D4,Listas!$C$2:$D$46,2,FALSE()),"") -> DESIGN RECORD | F4: Requisitos guiam o design
A5: NRO-PRO-004 | B5: =IFERROR(VLOOKUP(A5,Listas!$C$2:$D$46,2,FALSE()),"") -> (USRS) USER AND SYSTEM REQUIREMENTS SPECIFICATION | C5: ALIMENTA | D5: NRO-PRO-005 | E5: =IFERROR(VLOOKUP(D5,Listas!$C$2:$D$46,2,FALSE()),"") -> PLANO DE VALIDAÇÃO | F5: Requisitos definem o plano de validação
A6: NRO-PRO-004 | B6: =IFERROR(VLOOKUP(A6,Listas!$C$2:$D$46,2,FALSE()),"") -> (USRS) USER AND SYSTEM REQUIREMENTS SPECIFICATION | C6: ALIMENTA | D6: NRO-PRO-012 | E6: =IFERROR(VLOOKUP(D6,Listas!$C$2:$D$46,2,FALSE()),"") -> INTERFACE SPECIFICATION CONTROL | F6: Requisitos definem as interfaces
A7: NRO-PRO-004 | B7: =IFERROR(VLOOKUP(A7,Listas!$C$2:$D$46,2,FALSE()),"") -> (USRS) USER AND SYSTEM REQUIREMENTS SPECIFICATION | C7: ALIMENTA | D7: NRO-PRO-009 | E7: =IFERROR(VLOOKUP(D7,Listas!$C$2:$D$46,2,FALSE()),"") -> (DHF) DESIGN HISTORY FILE
A8: NRO-PRO-005 | B8: =IFERROR(VLOOKUP(A8,Listas!$C$2:$D$46,2,FALSE()),"") -> PLANO DE VALIDAÇÃO | C8: ALIMENTA | D8: NRO-PRO-003 | E8: =IFERROR(VLOOKUP(D8,Listas!$C$2:$D$46,2,FALSE()),"") -> RELATÓRIO DE EXECUÇÃO DE TESTES | F8: Plano define os testes a executar
A9: NRO-PRO-003 | B9: =IFERROR(VLOOKUP(A9,Listas!$C$2:$D$46,2,FALSE()),"") -> RELATÓRIO DE EXECUÇÃO DE TESTES | C9: ALIMENTA | D9: NRO-PRO-011 | E9: =IFERROR(VLOOKUP(D9,Listas!$C$2:$D$46,2,FALSE()),"") -> MATRIZ DE RASTREABILIDADE DE REQUISITOS | F9: Resultados preenchem a verificação na matriz
A10: NRO-PRO-003 | B10: =IFERROR(VLOOKUP(A10,Listas!$C$2:$D$46,2,FALSE()),"") -> RELATÓRIO DE EXECUÇÃO DE TESTES | C10: ALIMENTA | D10: NRO-PRO-009 | E10: =IFERROR(VLOOKUP(D10,Listas!$C$2:$D$46,2,FALSE()),"") -> (DHF) DESIGN HISTORY FILE
A11: NRO-PRO-006 | B11: =IFERROR(VLOOKUP(A11,Listas!$C$2:$D$46,2,FALSE()),"") -> MATRIZ DE GERENCIAMENTO DE RISCOS | C11: ALIMENTA | D11: NRO-PRO-009 | E11: =IFERROR(VLOOKUP(D11,Listas!$C$2:$D$46,2,FALSE()),"") -> (DHF) DESIGN HISTORY FILE | F11: Riscos compõem o DHF
A12: NRO-PRO-013 | B12: =IFERROR(VLOOKUP(A12,Listas!$C$2:$D$46,2,FALSE()),"") -> ARCHITECTURE DECISION RECORD | C12: ALIMENTA | D12: NRO-PRO-014 | E12: =IFERROR(VLOOKUP(D12,Listas!$C$2:$D$46,2,FALSE()),"") -> DESIGN RECORD | F12: Decisões de arquitetura embasam o design
A13: NRO-PRO-014 | B13: =IFERROR(VLOOKUP(A13,Listas!$C$2:$D$46,2,FALSE()),"") -> DESIGN RECORD | C13: ALIMENTA | D13: NRO-PRO-009 | E13: =IFERROR(VLOOKUP(D13,Listas!$C$2:$D$46,2,FALSE()),"") -> (DHF) DESIGN HISTORY FILE
A14: NRO-PRO-005 | B14: =IFERROR(VLOOKUP(A14,Listas!$C$2:$D$46,2,FALSE()),"") -> PLANO DE VALIDAÇÃO | C14: ALIMENTA | D14: NRO-PRO-009 | E14: =IFERROR(VLOOKUP(D14,Listas!$C$2:$D$46,2,FALSE()),"") -> (DHF) DESIGN HISTORY FILE
A15: NRO-PRO-009 | B15: =IFERROR(VLOOKUP(A15,Listas!$C$2:$D$46,2,FALSE()),"") -> (DHF) DESIGN HISTORY FILE | C15: ALIMENTA | D15: NRO-PRO-010 | E15: =IFERROR(VLOOKUP(D15,Listas!$C$2:$D$46,2,FALSE()),"") -> (DMF) DESIGN MASTER FILE | F15: DHF consolida-se no DMF na liberação
A16: NRO-PRO-001 | B16: =IFERROR(VLOOKUP(A16,Listas!$C$2:$D$46,2,FALSE()),"") -> TERMO DE ABERTURA DE PROJETO | C16: ALIMENTA | D16: NRO-PRO-007 | E16: =IFERROR(VLOOKUP(D16,Listas!$C$2:$D$46,2,FALSE()),"") -> PORTFÓLIO | F16: Abertura entra no portfólio
A17: NRO-PES-006 | B17: =IFERROR(VLOOKUP(A17,Listas!$C$2:$D$46,2,FALSE()),"") -> PROCEDIMENTO DE ADMISSÃO | C17: ALIMENTA | D17: NRO-PES-001 | E17: =IFERROR(VLOOKUP(D17,Listas!$C$2:$D$46,2,FALSE()),"") -> FORMULÁRIO DE ADMISSÃO | F17: Procedimento define o formulário
A18: NRO-PES-007 | B18: =IFERROR(VLOOKUP(A18,Listas!$C$2:$D$46,2,FALSE()),"") -> PROCEDIMENTO DE DESLIGAMENTO | C18: ALIMENTA | D18: NRO-PES-003 | E18: =IFERROR(VLOOKUP(D18,Listas!$C$2:$D$46,2,FALSE()),"") -> FORMULÁRIO DE SOLICITAÇÃO DE DESLIGAMENTO | F18: Procedimento define o formulário
A19: NRO-PES-001 | B19: =IFERROR(VLOOKUP(A19,Listas!$C$2:$D$46,2,FALSE()),"") -> FORMULÁRIO DE ADMISSÃO | C19: ALIMENTA | D19: NRO-PES-005 | E19: =IFERROR(VLOOKUP(D19,Listas!$C$2:$D$46,2,FALSE()),"") -> QUADRO DE PESSOAL | F19: Admissão atualiza o quadro de pessoal
A20: NRO-PES-003 | B20: =IFERROR(VLOOKUP(A20,Listas!$C$2:$D$46,2,FALSE()),"") -> FORMULÁRIO DE SOLICITAÇÃO DE DESLIGAMENTO | C20: ALIMENTA | D20: NRO-PES-005 | E20: =IFERROR(VLOOKUP(D20,Listas!$C$2:$D$46,2,FALSE()),"") -> QUADRO DE PESSOAL | F20: Desligamento atualiza o quadro de pessoal
A21: NRO-PES-015 | B21: =IFERROR(VLOOKUP(A21,Listas!$C$2:$D$46,2,FALSE()),"") -> POLÍTICA DE ACESSO AO LABBIO | C21: ALIMENTA | D21: NRO-PES-016 | E21: =IFERROR(VLOOKUP(D21,Listas!$C$2:$D$46,2,FALSE()),"") -> FORMULÁRIO DE SUBMISSÃO DO TERMO DE SIGILO DO LABBIO | F21: Política exige o termo de sigilo
A22: NRO-PES-017 | B22: =IFERROR(VLOOKUP(A22,Listas!$C$2:$D$46,2,FALSE()),"") -> GUIA DE CONTROLE DE ACESSO À INFORMAÇÃO | C22: ALIMENTA | D22: NRO-PES-008 | E22: =IFERROR(VLOOKUP(D22,Listas!$C$2:$D$46,2,FALSE()),"") -> FORMULÁRIO DE REQUISIÇÃO DE ACESSO | F22: Guia define o fluxo de requisição de acesso
A23: NRO-DIR-001 | B23: =IFERROR(VLOOKUP(A23,Listas!$C$2:$D$46,2,FALSE()),"") -> ESTATUTO | C23: ALIMENTA | D23: NRO-DIR-002 | E23: =IFERROR(VLOOKUP(D23,Listas!$C$2:$D$46,2,FALSE()),"") -> REGIMENTO INTERNO | F23: Estatuto embasa o regimento
A24: NRO-DIR-001 | B24: =IFERROR(VLOOKUP(A24,Listas!$C$2:$D$46,2,FALSE()),"") -> ESTATUTO | C24: ALIMENTA | D24: NRO-DIR-005 | E24: =IFERROR(VLOOKUP(D24,Listas!$C$2:$D$46,2,FALSE()),"") -> CÓDIGO DE CONDUTA | F24: Estatuto embasa o código de conduta
A25: NRO-PRO-007 | B25: =IFERROR(VLOOKUP(A25,Listas!$C$2:$D$46,2,FALSE()),"") -> PORTFÓLIO | C25: ALIMENTA | D25: NRO-MKT-002 | E25: =IFERROR(VLOOKUP(D25,Listas!$C$2:$D$46,2,FALSE()),"") -> INFORMAÇÕES PÚBLICAS DE PROJETOS | F25: Portfólio gera a versão pública (inter-setor)
A26: NRO-MKT-004 | B26: =IFERROR(VLOOKUP(A26,Listas!$C$2:$D$46,2,FALSE()),"") -> BRIEFING DE CAMPANHA | C26: ALIMENTA | D26: NRO-MKT-005 | E26: =IFERROR(VLOOKUP(D26,Listas!$C$2:$D$46,2,FALSE()),"") -> IDEIAS DE PUBLICAÇÕES | F26: Briefing orienta as ideias de publicação
... A29: NRO-PRO-002 | B29: =IFERROR(VLOOKUP(A29,Listas!$C$2:$D$46,2,FALSE()),"") -> MANUAL DE INSPEÇÃO DE HARDWARE | C29: REFERENCIA | D29: NRO-PRO-003 | E29: =IFERROR(VLOOKUP(D29,Listas!$C$2:$D$46,2,FALSE()),"") -> RELATÓRIO DE EXECUÇÃO DE TESTES | F29: Inspeção de hardware referencia execução de testes
B30: =IFERROR(VLOOKUP(A30,Listas!$C$2:$D$46,2,FALSE()),"") | E30: =IFERROR(VLOOKUP(D30,Listas!$C$2:$D$46,2,FALSE()),"")
B31: =IFERROR(VLOOKUP(A31,Listas!$C$2:$D$46,2,FALSE()),"") | E31: =IFERROR(VLOOKUP(D31,Listas!$C$2:$D$46,2,FALSE()),"")
B32: =IFERROR(VLOOKUP(A32,Listas!$C$2:$D$46,2,FALSE()),"") | E32: =IFERROR(VLOOKUP(D32,Listas!$C$2:$D$46,2,FALSE()),"")
B33: =IFERROR(VLOOKUP(A33,Listas!$C$2:$D$46,2,FALSE()),"") | E33: =IFERROR(VLOOKUP(D33,Listas!$C$2:$D$46,2,FALSE()),"")
B34: =IFERROR(VLOOKUP(A34,Listas!$C$2:$D$46,2,FALSE()),"") | E34: =IFERROR(VLOOKUP(D34,Listas!$C$2:$D$46,2,FALSE()),"")
B35: =IFERROR(VLOOKUP(A35,Listas!$C$2:$D$46,2,FALSE()),"") | E35: =IFERROR(VLOOKUP(D35,Listas!$C$2:$D$46,2,FALSE()),"")
B36: =IFERROR(VLOOKUP(A36,Listas!$C$2:$D$46,2,FALSE()),"") | E36: =IFERROR(VLOOKUP(D36,Listas!$C$2:$D$46,2,FALSE()),"")
B37: =IFERROR(VLOOKUP(A37,Listas!$C$2:$D$46,2,FALSE()),"") | E37: =IFERROR(VLOOKUP(D37,Listas!$C$2:$D$46,2,FALSE()),"")
B38: =IFERROR(VLOOKUP(A38,Listas!$C$2:$D$46,2,FALSE()),"") | E38: =IFERROR(VLOOKUP(D38,Listas!$C$2:$D$46,2,FALSE()),"")
B39: =IFERROR(VLOOKUP(A39,Listas!$C$2:$D$46,2,FALSE()),"") | E39: =IFERROR(VLOOKUP(D39,Listas!$C$2:$D$46,2,FALSE()),"")
B40: =IFERROR(VLOOKUP(A40,Listas!$C$2:$D$46,2,FALSE()),"") | E40: =IFERROR(VLOOKUP(D40,Listas!$C$2:$D$46,2,FALSE()),"")
B41: =IFERROR(VLOOKUP(A41,Listas!$C$2:$D$46,2,FALSE()),"") | E41: =IFERROR(VLOOKUP(D41,Listas!$C$2:$D$46,2,FALSE()),"")
... B122: =IFERROR(VLOOKUP(A122,Listas!$C$2:$D$46,2,FALSE()),"") | E122: =IFERROR(VLOOKUP(D122,Listas!$C$2:$D$46,2,FALSE()),"")

Sheet Listas
A1: TIPO | C1: CÓDIGO | D1: NOME | F1: SERIADO | G1: ESCOPO
A2: ALIMENTA | C2: NRO-PUB-001 | D2: CONTROLE DE DOCUMENTOS E REGISTROS | F2: SIM | G2: DEPARTAMENTO
A3: REFERENCIA | C3: NRO-PUB-002 | D3: TEMPLATE DE DOCUMENTOS E REGISTROS | F3: NÃO | G3: PROJETO
C4: NRO-PUB-003 | D4: ATA DE REUNIÃO | G4: —
C5: NRO-PES-001 | D5: FORMULÁRIO DE ADMISSÃO
C6: NRO-PES-002 | D6: FORMULÁRIO DE SOLICITAÇÃO DE AFASTAMENTO TEMPORÁRIO
C7: NRO-PES-003 | D7: FORMULÁRIO DE SOLICITAÇÃO DE DESLIGAMENTO
C8: NRO-PES-004 | D8: MANUAL DO MEMBRO
C9: NRO-PES-005 | D9: QUADRO DE PESSOAL
C10: NRO-PES-006 | D10: PROCEDIMENTO DE ADMISSÃO
C11: NRO-PES-007 | D11: PROCEDIMENTO DE DESLIGAMENTO
C12: NRO-PES-008 | D12: FORMULÁRIO DE REQUISIÇÃO DE ACESSO
C13: NRO-PES-009 | D13: POLÍTICA DE EMAIL INSTITUCIONAL
C14: NRO-PES-010 | D14: RELATORIO DE VIAGEM
C15: NRO-PES-011 | D15: DESPESAS DE VIAGEM
C16: NRO-PES-012 | D16: POLÍTICA DE COPARTICIPAÇÃO EM ATIVIDADES DA VIDA ACADÊMICA
... C46: NRO-MKT-005 | D46: IDEIAS DE PUBLICAÇÕES

Sheet Séries
A1: REGISTRO DE SÉRIES (SERIAL NUMBERS)
A2: SN | B2: PN (código) | C2: ESCOPO (depto/projeto) | D2: Nº | E2: TÍTULO DA EDIÇÃO | F2: DATA | G2: AUTOR | H2: STATUS | I2: ARQUIVO (link) | J2: NOTA
A3: NRO-PUB-003-DIR-001 | B3: NRO-PUB-003 | C3: DIR | D3: 1 | E3: Reunião de diretoria | F3: 14/04/2026 | G3: MMARCONDES | H3: EMITIDO | J3: EXEMPLO — substituir
A4: NRO-PUB-003-DIR-002 | B4: NRO-PUB-003 | C4: DIR | D4: 2 | E4: Planejamento trimestral | F4: 12/05/2026 | G4: MMARCONDES | H4: EMITIDO | J4: EXEMPLO — substituir
A5: NRO-PUB-003-PES-001 | B5: NRO-PUB-003 | C5: PES | D5: 1 | E5: Reunião geral de membros | F5: 20/05/2026 | G5: ANA ALICE GOMES | H5: EMITIDO | J5: EXEMPLO — substituir
A6: NRO-DIR-004-DIR-001 | B6: NRO-DIR-004 | C6: DIR | D6: 1 | E6: Declaração de membro | F6: 06/04/2026 | G6: MMARCONDES | H6: EMITIDO | J6: EXEMPLO — substituir
A7: NRO-PRO-003-EEGLSL-001 | B7: NRO-PRO-003 | C7: EEGLSL | D7: 1 | E7: Execução de testes — aquisição EEG | F7: 13/04/2026 | G7: MMARCONDES | H7: EMITIDO | J7: EXEMPLO — substituir
A8: NRO-PRO-008-EEGLSL-001 | B8: NRO-PRO-008 | C8: EEGLSL | D8: 1 | E8: Relatório técnico parcial — EEG/LSL | F8: 27/04/2026 | G8: MMARCONDES | H8: RASCUNHO | J8: EXEMPLO — substituir
